<moblet-app>
    <bootstrap>
    	<screen>com.offlineApp.rimos.app.screen.HomeScreen</screen>
    </bootstrap>
    
    <push>
    	<command>com.offlineApp.rimos.app.command.PushHandler</command>
    </push>
    
	<commands>				
		<command id="/demo/details">com.offlineApp.rimos.app.command.DemoDetails</command>
		<command id="/offlineapp/pushtrigger">com.offlineApp.rimos.app.command.PushTrigger</command>
		<command id="/offlineapp/reset">com.offlineApp.rimos.app.command.ResetChannel</command>
		<command id="/demo/rpc">com.offlineApp.rimos.app.command.DemoMobileRPC</command>
	</commands>
			
	<channels>
		<channel>offlineapp_demochannel</channel>
	</channels>						
</moblet-app>