<?xml version="1.0" encoding="UTF-8"?>

<deployment xmlns="urn:jboss:bean-deployer:2.0">
   <bean name="mail_processor" class="org.openmobster.pushmail.cloud.domain.MailProcessor">
   		<property name="protocol">imaps</property>
   		<property name="storeAddress">imap.gmail.com</property>
   		<property name="account">openmobster.test@gmail.com</property>
   		<property name="password">password1!A</property>
   </bean>
   
   <bean name="pushmail_channel" class="org.openmobster.pushmail.cloud.channel.MailChannel">
   		<property name="mailProcessor"><inject bean="mail_processor"/></property>
   </bean>  
</deployment>