<assembly
	xmlns="http://maven.apache.org/plugins/maven-assembly-plugin/assembly/1.1.0"
	xmlns:xsi="http://www.w3.org/2001/XMLSchema-instance"
	xsi:schemaLocation="http://maven.apache.org/plugins/maven-assembly-plugin/assembly/1.1.0 http://maven.apache.org/xsd/assembly-1.1.0.xsd">
	<id>moblet</id>

	<formats>
		<format>jar</format>
	</formats>

	<includeBaseDirectory>false</includeBaseDirectory>

	<dependencySets>
		<dependencySet>
			<useTransitiveDependencies>false</useTransitiveDependencies>
			<unpack>true</unpack>
			<excludes>
				<exclude>org.openmobster.core.dev.tools:*</exclude>
			</excludes>
		</dependencySet>
	</dependencySets>
</assembly>
