<assembly
	xmlns="http://maven.apache.org/plugins/maven-assembly-plugin/assembly/1.1.0"
	xmlns:xsi="http://www.w3.org/2001/XMLSchema-instance"
	xsi:schemaLocation="http://maven.apache.org/plugins/maven-assembly-plugin/assembly/1.1.0 http://maven.apache.org/xsd/assembly-1.1.0.xsd">
	<id>bin</id>

	<formats>
		<format>jar</format>
	</formats>

	<includeBaseDirectory>false</includeBaseDirectory>

	<dependencySets>
		<dependencySet>
			<includes>
				<include>com.offlineApp.rimos.app:offlineapp</include>
			</includes>
			<unpack>true</unpack>
		</dependencySet>
	</dependencySets>

	<fileSets>
		<fileSet>
			<directory>target/app-binary</directory>
			<outputDirectory/>
			<includes>
				<include>*.cod</include>
				<include>*.jad</include>
				<include>*.alx</include>
				<include>*.cs*</include>
			</includes>
		</fileSet>
	</fileSets>
</assembly>
