<?xml version="1.0" encoding="UTF-8"?>

<deployment xmlns="urn:jboss:bean-deployer:2.0">
   <!--  Register the MobileChannel -->
   <bean name="webappsync_ticket_channel" class="com.webappsync.cloud.TicketChannel">
   		<property name="ds">
   	  		<inject bean="/webappsync/TicketDS"/>
   		</property>
   		<depends>/webappsync/bootstrap/data</depends>
   </bean>
   
   <!-- Storage services based on Hibernate -->
   <bean name="/webappsync/HibernateManager" class="org.openmobster.core.common.database.HibernateManager"/>
   <bean name="/webappsync/TicketDS" class="com.webappsync.cloud.TicketDS">
   	  <property name="hibernateManager">
   	  	<inject bean="/webappsync/HibernateManager"/>
   	  </property>
   </bean>
   
   <!-- Some Cloud Side bootstrappers used to load up test data, and listen for updates to demo "Cloud Push" -->
   <bean name="/webappsync/bootstrap/data" class="com.webappsync.cloud.BootstrapData">
   		<property name="ds">
   	  		<inject bean="/webappsync/TicketDS"/>
   		</property>
   </bean>
</deployment>