<?xml version="1.0" encoding="UTF-8"?>

<deployment xmlns="urn:jboss:bean-deployer:2.0">
   <bean name="/asyncserviceapp/getlist" class="org.async.service.app.cloud.app.GetList">
   		<depends>services://MobileObjectMonitor</depends>
   		<depends>services://MobileServiceMonitor</depends>
   </bean>
   
   <bean name="/asyncserviceapp/getdetails" class="org.async.service.app.cloud.app.GetDetails">
   		<depends>services://MobileObjectMonitor</depends>
   		<depends>services://MobileServiceMonitor</depends>
   </bean>
</deployment>